FID;IID;SOL;C1;C2;C3;C4
SUBJECTID1;T104;0;-0.040278;0.0137544;-0.00365615;0.000379862
SUBJECTID2;T306;0;-0.0374533;0.0134656;-0.00183439;-2.35E-05
SUBJECTID3;H194;0;-0.0366884;0.0130145;-0.00370071;0.000786105
SUBJECTID4;H195;0;-0.038429;0.0163314;-0.00279507;0.00174736
SUBJECTID5;H196;0;-0.0385995;0.0133042;-0.00506078;-0.000371744
SUBJECTID6;H197;0;-0.0365452;0.013797;-0.00362951;-0.000326109